{"global": {"RMSE": [0.036875608908065245, 0.03523567416211412, 0.03804845767834331, 0.035983966792972215, 0.035738611774366214, 0.03618093663995114, 0.03683679554989564, 0.035675763037335564, 0.03687020884637885, 0.03619298068790736, 0.038666716734026794, 0.037515728731670736, 0.03831054962166527, 0.036993290575143556, 0.03615232241107847, 0.03589858610324866, 0.03664144901162759, 0.034619861112169914, 0.03682142807549339, 0.035667881968052505, 0.0376315762121457, 0.03889705097847868, 0.035380740186073345, 0.03622866950727401, 0.03664545167745461, 0.03624430487643931, 0.034906709091672705, 0.03672011552699618, 0.03566509434576555, 0.03537654610887967, 0.03675186096692575, 0.0355617489540498, 0.035851368043680894, 0.03697444583537386, 0.03583185243747253, 0.03467082279021247, 0.03447917514184339, 0.03455260728806495, 0.03880648678710876, 0.03535217086116415], "R2": [0.6986224756377544, 0.7168451273865082, 0.6767654366508316, 0.7004180271246973, 0.712656621183765, 0.7008065270963698, 0.6941210266722155, 0.7126838919789616, 0.7045295083138988, 0.7013112004656695, 0.6746084710058384, 0.6853364509158995, 0.6841983268773892, 0.6903382115350185, 0.7052038600776934, 0.7141897426633537, 0.6897242129314636, 0.718643269295358, 0.6999578373142892, 0.7147231062926056, 0.6881847873557774, 0.665065068330916, 0.7234040953811762, 0.6965503572839615, 0.7008209414961349, 0.7053118646585192, 0.7215701531731284, 0.6973481523720887, 0.7069850157888836, 0.7204735234343552, 0.699352582775289, 0.7192352100426389, 0.7151673066697555, 0.6950112136592914, 0.7080140630334198, 0.7297935740445805, 0.7270230985797554, 0.7247379670287104, 0.6756880313864921, 0.7195466200849389], "Spearman": [0.7975812344408026, 0.8082069675089654, 0.7768524503116395, 0.8042062334497856, 0.807201611024401, 0.7929872995324261, 0.791651732321314, 0.8033236780843319, 0.8030338699200894, 0.7907477109069142, 0.790576949357941, 0.7884529726140923, 0.7870786472833794, 0.7855921417743262, 0.7988635504282018, 0.8049498387299167, 0.7909280947892399, 0.8054482826188286, 0.7941338515445545, 0.8001908624162658, 0.7888981384166428, 0.7717625150078201, 0.8056812456976473, 0.7918127511899778, 0.7952714200244325, 0.7994713233606805, 0.809710898050013, 0.7952681169214505, 0.7981539727235931, 0.8097978738895574, 0.7919799309537641, 0.806378891985594, 0.8108104878545209, 0.7942445171906883, 0.8026835141468948, 0.810402760935927, 0.8078130168568828, 0.8061825397219773, 0.779595775243555, 0.8090049579150503], "Pearson": [0.8375277684689548, 0.8481634425796452, 0.8267556107809425, 0.845425634395963, 0.8460012807443298, 0.8414289126059975, 0.8354114385710045, 0.8443863564099263, 0.842791630758069, 0.8386551309679608, 0.8277641749661516, 0.833204247981919, 0.8298577618637002, 0.833343871992048, 0.8402742263818375, 0.8457478828925137, 0.8366374611952411, 0.84801546067474, 0.8392997750019322, 0.8458151844927274, 0.8308168873449387, 0.8159858392427448, 0.8507787292485147, 0.8374686732459974, 0.8379317444120077, 0.8419147594016217, 0.8543112117159166, 0.8363804185815128, 0.8450215708887454, 0.850625332243024, 0.836694546685926, 0.8512338115944802, 0.8524024188307239, 0.8367310954017102, 0.8439160178279358, 0.8546042697203642, 0.8543470790408098, 0.8519862650835583, 0.823905472829854, 0.848868616371022]}, "fixed_drug": {"RMSE": [0.03536127218029824, 0.03360223406771943, 0.03663670084459403, 0.03457300962151621, 0.03440692587194546, 0.03461651397487068, 0.0359576806467792, 0.03447989839133268, 0.03589314363083129, 0.03492477048195636, 0.0375767534053437, 0.03567982176140257, 0.03715099134646026, 0.03564462262908941, 0.03478875512109058, 0.03465856264862045, 0.03534225689484868, 0.032965668584075944, 0.03579671267029559, 0.0339526299240165, 0.036036088125370784, 0.036887232261098885, 0.03355612505699631, 0.03518920541832945, 0.03498828353735461, 0.03515708152463355, 0.03352321782428941, 0.035458117799028015, 0.03393561703118132, 0.03447833591619699, 0.03555741515748446, 0.03474979572803254, 0.03454051698502419, 0.03561394964979586, 0.03520942950501191, 0.03312703119394244, 0.032927321130471254, 0.03299153913922128, 0.03794505053630705, 0.034201730547475835], "R2": [-0.1327271271104611, -0.048012854435765945, -0.206523766198853, -0.06433150816211862, -0.09845619707796471, -0.1371522375250086, -0.14904072215596428, -0.0960704159058084, -0.03729373460655202, -0.15772683224425893, -0.08154929685201187, -0.14164248081810135, -0.06242308457945646, -0.127629562677796, -0.0724070404235989, -0.051209824902972226, -0.17024032897386593, -0.12056117553787202, -0.08760239909901085, -0.13988802366141412, -0.09582817865985607, -0.2678593408376764, -0.1397920400966832, -0.11595953905088474, -0.06139565797503267, -0.11614048549131414, -0.08035560564898343, -0.04881114438406282, -0.10435738968220988, -0.09892935797176734, -0.13067384359889916, -0.0848409464063989, -0.14449706554950087, -0.1104422576822225, -0.08835740778431321, -0.035703398768601464, -0.054353403860584244, -0.05812191264381451, -0.11606340250982686, -0.0965706343426866], "Spearman": [0.10250653389949878, 0.14236139517836338, 0.04393413273944754, 0.17358821750341163, 0.1258270087471889, 0.1322369958821442, 0.02349068176411784, 0.13256916450637204, 0.19082556415337454, 0.07306091768829609, 0.22782198144105173, 0.1692553788109153, 0.11453184262590117, 0.10082480492449185, 0.15462517627811864, 0.16020515291718224, 0.1104272414590066, 0.09234389708835329, 0.06553107063077324, 0.1091071643442174, 0.12653735113845363, 0.052813347209417195, 0.09619705733041457, 0.10764828098684777, 0.1631374144481645, 0.10134486647767772, 0.15398034074546477, 0.169677922482584, 0.15787508082502907, 0.16059792519458882, 0.09566429258282856, 0.14556963418214613, 0.1415304086395709, 0.08724762214872842, 0.16050915680139585, 0.19224353437076228, 0.20513542164192472, 0.12496056051807432, 0.04871715168339474, 0.13593836432827655], "Pearson": [0.12578960178292567, 0.1662153639794985, 0.05963418591311877, 0.205579745061216, 0.12988936338049456, 0.13884265264825119, 0.044359286880477605, 0.14725902284061373, 0.18798792180457954, 0.082160923009006, 0.2125616402966988, 0.17553596435225452, 0.14264853818239462, 0.0992794018850866, 0.15836065715133144, 0.18462702298424963, 0.11980430687272849, 0.09158536867690745, 0.12798501881902202, 0.10190309576729215, 0.12131890259484095, 0.03587275606627599, 0.11778790282701015, 0.12966220648639668, 0.16770990493390797, 0.13217489744144012, 0.17509839120196566, 0.1729037056975241, 0.1595963859885917, 0.16427684786637756, 0.09029443457539818, 0.1683201663338865, 0.16583190874499157, 0.09951112481209452, 0.14491761846105278, 0.19002385799836713, 0.21844366457464678, 0.14611344285149586, 0.04895553913843662, 0.12029762488471739]}, "fixed_cell": {"RMSE": [0.03605686694879245, 0.034607787531206094, 0.03725023735074216, 0.03533232202547737, 0.0348190534019324, 0.03548751562738183, 0.034946693378355174, 0.03519600722377196, 0.03548941397446003, 0.03557956982154538, 0.037074048593269744, 0.03638509562873782, 0.03696234479330924, 0.03602220338439644, 0.0351950193985034, 0.03517733009228211, 0.03621690742300968, 0.033558842402200785, 0.03593613768686048, 0.03538697588180603, 0.03604237310314136, 0.03732724620666793, 0.0345920225464478, 0.036200071411440805, 0.03554058559829157, 0.036249977606508235, 0.034603664461688624, 0.03597313652141133, 0.03503367163148563, 0.0349177402262042, 0.03610218747821262, 0.035218707607647295, 0.035282962146014195, 0.036141832362258104, 0.035033274347408626, 0.03424592492243296, 0.033767386832790236, 0.03447532525586309, 0.03738648610929138, 0.03473758616801884],