{"global": {"RMSE": [0.027721483939680464, 0.027204453280613026, 0.02765914729787726, 0.027698158544257164, 0.02770893360427652, 0.02752975505282572, 0.02735857758037282, 0.027657487232209066, 0.027435861509894032, 0.02753316195753342, 0.027937165775823832, 0.028195321142756316, 0.02791904080433401, 0.028109396594797786, 0.027590778007975207, 0.02770936828619129, 0.02770106679556832, 0.027392253820571255, 0.027536266146107876, 0.027374632044294824, 0.02790276721676847, 0.027570468949959584, 0.027549583643752956, 0.027522465928722057, 0.027377534599467894, 0.027170073702118824, 0.028290572385481896, 0.028127877682650817, 0.027698380906855863, 0.02809313771765711, 0.028073689702058875, 0.027642341535547545, 0.0277469647295009, 0.028039169658833112, 0.027717438305210198, 0.02760432831328876, 0.028035273205646652, 0.027687785170075304, 0.02821034153798249, 0.027883885406378088], "R2": [0.8258972328412916, 0.8324952404808503, 0.8299316625110302, 0.8275989868169339, 0.8287353009535526, 0.8280991558637321, 0.8319182199875933, 0.8276935261780627, 0.8337656235531656, 0.8279153124863275, 0.825252661160969, 0.8239241816435657, 0.8224025772888739, 0.8205176684098704, 0.8266007780449445, 0.829193302349936, 0.8277110655371827, 0.8288703544793283, 0.8274499302881826, 0.8298514353134149, 0.821645209128221, 0.8285678086142194, 0.8253431269864804, 0.8307607130412926, 0.8326062996869221, 0.8371566776823284, 0.8183597849614387, 0.8218839356366906, 0.8290455599315177, 0.8239932810911077, 0.8244924736359718, 0.8279664084557534, 0.8223269653205442, 0.825892292134305, 0.825808879193705, 0.8266116227651917, 0.8242248068134252, 0.8279768129021627, 0.825041744143599, 0.8263123865296181], "Spearman": [0.8852194435071848, 0.8885259664490799, 0.8835260422706984, 0.8840369258605735, 0.8829203297165584, 0.8862092774548661, 0.8861038410629797, 0.8851470641233289, 0.8894466825820607, 0.8883897207051412, 0.8862797398452091, 0.8813829187669089, 0.8799312157126775, 0.8822969313566463, 0.8852103958102093, 0.8882774121510111, 0.8820215663858767, 0.8842191581126004, 0.884399986276514, 0.8849566168708063, 0.8822475489964283, 0.8855835936097757, 0.8817602794332428, 0.8881817947462765, 0.8890034217569392, 0.8899034342056067, 0.881714956376441, 0.8795037899989424, 0.8889171912917352, 0.8844135273400631, 0.8831779423891722, 0.8852551167025361, 0.8833828086735585, 0.8863495590011848, 0.8836087215813708, 0.8861019401864733, 0.8856670529762529, 0.8848739357223928, 0.8851266791197909, 0.8879717654273808], "Pearson": [0.9102292246767183, 0.912479212615853, 0.9110855964120093, 0.9097819637878279, 0.9104031247382167, 0.9104075452590032, 0.9123728965074935, 0.9102323954424794, 0.9135931626963675, 0.9109850238112638, 0.908485640044817, 0.9085284677325824, 0.9069812361549617, 0.9059581969981537, 0.9092291759562288, 0.9118056418350344, 0.9105153404592612, 0.9106785712388689, 0.9103627029049165, 0.9115010169217561, 0.9065411773250951, 0.9112461749830083, 0.9085136490965017, 0.9115192269106476, 0.912884533566391, 0.9153428760540709, 0.9058572694906322, 0.9069207798439414, 0.9114892964728711, 0.9094277408324197, 0.9086948568971287, 0.9113143156228203, 0.9071141347184142, 0.9090006049302347, 0.9089967169048951, 0.9093850711904693, 0.908199141293621, 0.9100671910838669, 0.9083679564216904, 0.9098150942544143]}, "fixed_drug": {"RMSE": [0.026444983570874624, 0.02595288202187378, 0.026167071225425668, 0.026467258514025187, 0.02650520001960285, 0.02637928246275583, 0.026076269343530124, 0.026436567303305264, 0.026275726008243707, 0.026358084151272273, 0.026632087839767716, 0.02713766174659961, 0.026494243106404275, 0.027014487170422853, 0.026379020642586397, 0.026479270864544782, 0.026549201228254205, 0.026080167606441006, 0.026380907395415487, 0.026136703354517225, 0.02665722766675895, 0.02631644107184954, 0.02624552965152869, 0.02614392557071161, 0.02624534412905054, 0.026183523955837514, 0.0268412378677811, 0.026934166759249187, 0.02623200352750175, 0.026780163822961063, 0.026810729453181508, 0.02648127961645238, 0.02650296793434118, 0.02664535621949678, 0.026654966536857092, 0.02636274532089392, 0.026677916783480797, 0.02642659712553014, 0.026940152773910382, 0.026770805236768672], "R2": [0.3220369847623409, 0.33723904811395256, 0.3329351090524063, 0.3263563437180288, 0.32626481264783225, 0.3332084583274113, 0.3446172428028837, 0.3245702976854943, 0.33776270393224317, 0.3346806363883676, 0.3327336192240441, 0.30341188753757103, 0.3387741585393001, 0.30808155346629346, 0.32133376034437816, 0.31799752036440987, 0.31811912833635897, 0.3421189042060422, 0.3335553338426949, 0.3444671874412981, 0.3298073390678824, 0.3335886787983536, 0.33573917600314696, 0.3274265100052208, 0.3291506816313006, 0.33967829421525875, 0.32233808898853317, 0.33543068122145253, 0.3354689123824036, 0.3144605102842112, 0.3163793593178935, 0.33601841998707177, 0.3153961665848226, 0.32902082496906626, 0.32142638110040245, 0.326274548477314, 0.31970566503634906, 0.32993189911859966, 0.3094949115318653, 0.3089011798649127], "Spearman": [0.5872018336683817, 0.5969662608442642, 0.5840795167537302, 0.5772013885028757, 0.581564162500696, 0.5818717334177994, 0.5967734750054499, 0.5793980067006496, 0.5882234646339678, 0.6050009697536559, 0.5795398830584092, 0.5706374299424627, 0.5934938114805857, 0.566922594844013, 0.5868375980856934, 0.5887402342538904, 0.5724733399721347, 0.5856717579847873, 0.5842508438048626, 0.5885935219065996, 0.5817617067373396, 0.5882241867808387, 0.5883549067598286, 0.590736325347843, 0.5750296156748527, 0.5963712578796779, 0.5833450451064306, 0.5791088501180668, 0.5872404404814083, 0.58084365346654, 0.5833739918976117, 0.5974566802668796, 0.585789135585523, 0.5835089079582588, 0.5777310233691373, 0.5833395721606797, 0.5807898673474394, 0.5835699345859308, 0.5721146921964058, 0.5856008405059476], "Pearson": [0.5902937483045748, 0.6003696361017292, 0.5921903483391159, 0.5871937796954835, 0.5862164370314987, 0.5928470659486426, 0.603723840792648, 0.5863332516831848, 0.5968867220149522, 0.6027839260509817, 0.5888961299210241, 0.5747259387695514, 0.5997202798621042, 0.5686651525224843, 0.5931898127454747, 0.5942162978178088, 0.5803374687639221, 0.5999762359902846, 0.5949439972152923, 0.5994857886833358, 0.591944371354839, 0.6021397152454833, 0.5930866430248208, 0.5956710418887657, 0.5862310682376142, 0.6043074752040044, 0.589133223776284, 0.589904411186743, 0.5995646494516372, 0.5888957305840992, 0.5852790518073049, 0.6043768265079742, 0.5908295376081971, 0.593832746730964, 0.5830756237736094, 0.5897864421997535, 0.5825757608441839, 0.5875774557423137, 0.5781032802536603, 0.5845517924974462]}, "fixed_cell": {"RMSE": [0.02700039212524218, 0.026224767348524337, 0.026967019299594452, 0.02663345720891024, 0.02688043282237366, 0.026702393670588475, 0.026540646777418936, 0.026641760845902255, 0.026389731417375578, 0.02663811753009949, 0.02715483670432629, 0.027226171726175825, 0.026946060395410507, 0.027036830532617167, 0.02664889360219314, 0.026582340377413274, 0.02671736898126404, 0.02653575933636002, 0.02670677209699454, 0.026327353517534634, 0.026991774320886938, 0.02661014935404353, 0.026709516834941563, 0.026555938769478815, 0.026448317545846055, 0.026316048058988514, 0.027128991076136026, 0.02704899417271135, 0.026730782650977475, 0.02702702808172878, 0.027081106416431282, 0.02672229896606577, 0.02678695793096667, 0.026985994800341376, 0.026818043606238462, 0.026606824561621396, 0.026949438241258145, 0.0266329809727169, 0.027228092891962707, 0.02681893200992548],